{
    "covariance": [
        0.06180339887498949,
        0.0,
        0.0,
        0.0,
        0.0,
        0.0,
        0.0,
        0.06180339887498949,
        0.0,
        0.0,
        0.0,
        0.0,
        0.0,
        0.0,
        547.0260000000537,
        0.0,
        0.0,
        0.0,
        0.0,
        0.0,
        0.0,
        547.0260000000537,
        0.0,
        0.0,
        0.0,
        0.0,
        0.0,
        0.0,
        547.0260000000537,
        0.0,
        0.0,
        0.0,
        0.0,
        0.0,
        0.0,
        547.0260000000537
    ],
    "measurement_noise": 0.1,
    "process_noise": 0.1,
    "sampling_time": 0.001
}